Experiment,Subject,Cell Type,Target Type,Cohort,Age,Gender,Race,HLA-A,HLA-A,HLA-B,HLA-B,HLA-C,HLA-C,DPA1,DPA1,DPB1,DPB1,DQA1,DQA1,DQB1,DQB1,DRB1,DRB1,DRB3,DRB3,DRB4,DRB4,DRB5,DRB5
eJL143,15845,naive_CD8,minigene_Set1,Healthy (No known exposure),36,F,White,A*32:01,A*32:01,B*07:02,B*14:01,C*07:02,C*08:02,DPA1*01:03,DPA1*02:06,DPB1*04:01,DPB1*05:01,DQA1*01:02,DQA1*02:01,DQB1*02:02,DQB1*06:02,DRB1*07:01,DRB1*15:01,,,DRB4*01:01,,DRB5*01:01,
ePD73,4423,naive_CD8,minigene_Set1,Healthy (No known exposure),37,F,White,A*01:01,A*02:01,B*15:01,B*40:01,C*03:04,C*04:01,DPA1*01:03,DPA1*01:03,DPB1*02:01,DPB1*03:01,DQA1*01:02,DQA1*01:03,DQB1*06:03,DQB1*06:04,DRB1*13:01,DRB1*13:02,DRB3*02:02,DRB3*03:01,,,,
eEE217,2060,naive_CD8,minigene_Set2,Healthy (No known exposure),32,F,White,A*02:01,A*02:01,B*15:01,B*44:02,C*04:01,C*05:01,DPA1*01:03,DPA1*02:01,DPB1*03:01,DPB1*10:01,DQA1*05:05,DQA1*05:05,DQB1*03:01,DQB1*03:01,DRB1*11:01,DRB1*12:01,DRB3*02:02,DRB3*02:02,,,,
eJL146,7527,naive_CD8,minigene_Set2,Healthy (No known exposure),30,M,White,A*02:01,A*33:01,B*14:02,B*44:02,C*05:01,C*08:02,DPA1*01:03,DPA1*02:02,DPB1*01:01,DPB1*04:01,DQA1*01:02,DQA1*03:03,DQB1*03:01,DQB1*05:02,DRB1*04:01,DRB1*15:02,,,DRB4*01:03,,,DRB5*01:01
eDH96,1483,PBMC,C19_cI,Healthy (No known exposure),53,M,White,A*02:01,A*29:01,B*15:01,B*57:01,C*03:03,C*07:01,DPA1*01:03,DPA1*01:03,DPB1*02:01,DPB1*04:01,DQA1*01:02,DQA1*03:01,DQB1*03:02,DQB1*06:04,DRB1*04:01,DRB1*13:02,DRB3*03:01,,DRB4*01:03,,,
eJL147,1780,PBMC,C19_cI,Healthy (No known exposure),40,M,Mixed Race,A*02:01,A*11:01,B*07:06,B*38:02,C*07:02,C*07:27,DPA1*02:02,DPA1*02:02,DPB1*01:01,DPB1*05:01,DQA1*01:02,DQA1*03:02,DQB1*03:03,DQB1*05:02,DRB1*09:01,DRB1*15:02,,,DRB4*01:03,,DRB5*01:01,
eHO124,3819,PBMC,C19_cI,Healthy (No known exposure),62,M,N/A,A*02:01,A*03:01,B*07:02,B*44:27,C*07:02,C*07:04,DPA1*01:03,DPA1*01:03,DPB1*02:01, DPB1*04:01,DQA1*02:01 ,DQA1*04:01,DQB1*03:03 ,DQB1*04:02,DRB1*07:01, DRB1*08:01,DRB345*Not_Present ,,DRB4*01:03:01:02N,,,
eHH169,20014,naive_CD8,C19_cI,Healthy (No known exposure),24,F,Black or African American,A*02:01,A*74:01,B*35:01,B*35:12,C*04:01,C*04:01,DPA1*01:03,DPA1*01:03,DPB1*02:01,D PB1*04:02,DQA1*01:02,DQA1*04:01,DQB1*04:02,DQB1*06:02,DRB1*08:02,DRB1*15:03,,,,,,DRB5*01:01
eHH170,20014,naive_CD8,C19_cI,Healthy (No known exposure),24,F,Black or African American,A*02:01,A*74:01,B*35:01,B*35:12,C*04:01,C*04:01,DPA1*01:03,DPA1*01:03,DPB1*02:01,D PB1*04:02,DQA1*01:02,DQA1*04:01,DQB1*04:02,DQB1*06:02,DRB1*08:02,DRB1*15:03,,,,,,DRB5*01:01
eHO125,4611,PBMC,C19_cI,COVID-19-Convalescent,52,M,N/A,,,,,,,,,,,,,,,,,,,,,,
eHO126,6913,PBMC,C19_cI,COVID-19-Convalescent,37,F,N/A,,,,,,,,,,,,,,,,,,,,,,
eJL148,3211,PBMC,C19_cI,COVID-19-Convalescent,41,F,N/A,,,,,,,,,,,,,,,,,,,,,,
eJL149,3911,PBMC,C19_cI,COVID-19-Convalescent,60,F,N/A,,,,,,,,,,,,,,,,,,,,,,
eQD108,500001,PBMC,C19_cI,COVID-19-Convalescent,N/A,N/A,N/A,,,,,,,,,,,,,,,,,,,,,,
eQD109,1349,PBMC,C19_cI,COVID-19-Convalescent,61,M,N/A,,,,,,,,,,,,,,,,,,,,,,
eQD110,1886,PBMC,C19_cI,COVID-19-Convalescent,55,M,N/A,,,,,,,,,,,,,,,,,,,,,,
eQD111,7717,PBMC,C19_cI,COVID-19-Convalescent,51,M,N/A,,,,,,,,,,,,,,,,,,,,,,
eQD112,4973,PBMC,C19_cI,COVID-19-Convalescent,65,M,N/A,,,,,,,,,,,,,,,,,,,,,,
eLH41,3821,PBMC,C19_cI,COVID-19-Convalescent,71,F,N/A,,,,,,,,,,,,,,,,,,,,,,
eQD114,5649,PBMC,C19_cI,COVID-19-Convalescent,73,M,N/A,,,,,,,,,,,,,,,,,,,,,,
eQD115,2513,PBMC,C19_cI,COVID-19-Convalescent,48,M,N/A,,,,,,,,,,,,,,,,,,,,,,
eAV88,19830,naive_CD8,C19_cI,Healthy (No known exposure),24,M,White,A*02:01,A*03:01,B*27:05,B*40:01,C*03:04,C*07:04,DPA1*01:03,DPA1*01:04,DPB1*02:01,DPB1*15:01,DQA1*03:01,DQA1*03:02,DQB1*03:02,DQB1*03:03,DRB1*04:04,DRB1*09:01,,,DRB4*01:03,DRB4*01:03,,
eEE224,19830,naive_CD8,C19_cI,Healthy (No known exposure),24,M,White,A*02:01,A*03:01,B*27:05,B*40:01,C*03:04,C*07:04,DPA1*01:03,DPA1*01:04,DPB1*02:01,DPB1*15:01,DQA1*03:01,DQA1*03:02,DQB1*03:02,DQB1*03:03,DRB1*04:04,DRB1*09:01,,,DRB4*01:03,DRB4*01:03,,
eHH173,19829,naive_CD8,C19_cI,Healthy (No known exposure),50,M,White,A*02:01,A*03:01,B*35:01,B*44:02,C*04:01,C*05:01,DPA1*01:03,DPA1*01:03,DPB1*04:01,DPB1*04:02,DQA1*01:01,DQA1*01:02,DQB1*05:01,DQB1*06:02,DRB1*01:01,DRB1*15:01,,,,,,DRB5*01:01
eHH174,19153,naive_CD8,C19_cI,Healthy (No known exposure),31,F,White,A*01:01,A*02:01,B*08:01,B*51:01,C*07:01,C*15:02,DPA1*01:03,DPA1*01:03,DPB1*04:01,DPB1*04:01,DQA1*01:01,DQA1*01:02,DQB1*05:01,DQB1*06:02,DRB1*01:01,DRB1*15:01,,,,,,DRB5*01:01
eHH175,20300,naive_CD8,C19_cI,Healthy (No known exposure),28,M,White,A*02:01,A*29:02,B*07:02,B*44:03,C*07:02,C*16:01,DPA1*01:03,DPA1*02:02,DPB1*01:01,DPB1*04:01,DQA1*01:02,DQA1*02:01,DQB1*02:02,DQB1*06:02,DRB1*07:01,DRB1*15:01,,,DRB4*01:01,,,DRB5*01:01
eHO127,7143,PBMC,C19_cI,COVID-19-Convalescent,28,M,N/A,,,,,,,,,,,,,,,,,,,,,,
eHO128,3422,PBMC,C19_cI,COVID-19-Convalescent,49,M,N/A,,,,,,,,,,,,,,,,,,,,,,
eJL151,3270,PBMC,C19_cI,COVID-19-Convalescent,79,F,N/A,,,,,,,,,,,,,,,,,,,,,,
eJL152,7842,PBMC,C19_cI,COVID-19-Convalescent,41,F,N/A,,,,,,,,,,,,,,,,,,,,,,
eOX43,19830,naive_CD8,C19_cI,Healthy (No known exposure),24,M,White,A*02:01,A*03:01,B*27:05,B*40:01,C*03:04,C*07:04,DPA1*01:03,DPA1*01:04,DPB1*02:01,DPB1*15:01,DQA1*03:01,DQA1*03:02,DQB1*03:02,DQB1*03:03,DRB1*04:04,DRB1*09:01,,,DRB4*01:03,DRB4*01:03,,
ePD76,11011,naive_CD8,C19_cI,Healthy (No known exposure),33,M,White,A*02:01,A*03:01,B*35:01,B*40:01,C*03:04,C*03:04,DPA1*01:03,DPA1*01:03,DPB1*04:01,DPB1*04:01,DQA1*01:02,DQA1*01:04,DQB1*05:03,DQB1*06:02,DRB1*14:54,DRB1*15:01,DRB3*02:02,,,,DRB5*01:01,
ePD79,2162,PBMC,C19_cI,COVID-19-Convalescent,79,F,N/A,,,,,,,,,,,,,,,,,,,,,,
ePD80,1027,PBMC,C19_cI,COVID-19-Convalescent,67,M,N/A,,,,,,,,,,,,,,,,,,,,,,
eXL27,19830,naive_CD8,C19_cI,Healthy (No known exposure),24,M,White,A*02:01,A*03:01,B*27:05,B*40:01,C*03:04,C*07:04,DPA1*01:03,DPA1*01:04,DPB1*02:01,DPB1*15:01,DQA1*03:01,DQA1*03:02,DQB1*03:02,DQB1*03:03,DRB1*04:04,DRB1*09:01,,,DRB4*01:03,DRB4*01:03,,
eLH42,1588,PBMC,C19_cI,COVID-19-Convalescent,63,M,N/A,,,,,,,,,,,,,,,,,,,,,,
eLH43,3565,PBMC,C19_cI,COVID-19-Convalescent,57,M,N/A,,,,,,,,,,,,,,,,,,,,,,
eQD113,7477,PBMC,C19_cI,COVID-19-Convalescent,36,M,N/A,,,,,,,,,,,,,,,,,,,,,,
eQD116,6123,PBMC,C19_cI,COVID-19-Convalescent,66,F,N/A,,,,,,,,,,,,,,,,,,,,,,
eEE226,19617,naive_CD8,C19_cI,Healthy (No known exposure),21,F,White,A*01:01,A*02:01,B*35:02,B*39:01,C*04:01,C*07:02,DPA1*01:03,DPA1*01:03,DPB1*02:01,D PB1*04:02,DQA1*04:01,DQA1*05:05,DQB1*03:01,DQB1*04:02,DRB1*08:01,DRB1*11:04,DRB3*02:02,,,,,
eHO129,142,PBMC,C19_cI,COVID-19-Convalescent,N/A,N/A,N/A,,,,,,,,,,,,,,,,,,,,,,
eHO130,9541,PBMC,C19_cI,Healthy (No known exposure),28,F,White,A*02:01,A*03:01,B*07:02,B*08:01,C*07:01,C*07:02,DPA1*01:03,DPA1*02:01,DPB1*04:02,DPB1*09:01,DQA1*01:02,DQA1*05:01,DQB1*02:01,DQB1*06:02,DRB1*03:01,DRB1*15:01,DRB3*01:01,,,,DRB5*01:01,
eJL153,3457,PBMC,C19_cI,COVID-19-Convalescent,N/A,N/A,N/A,,,,,,,,,,,,,,,,,,,,,,
eJL154,83,PBMC,C19_cI,COVID-19-Exposed,N/A,N/A,N/A,,,,,,,,,,,,,,,,,,,,,,
ePD81,2922,PBMC,C19_cI,COVID-19-Convalescent,N/A,N/A,N/A,,,,,,,,,,,,,,,,,,,,,,
ePD82,1924,PBMC,C19_cI,COVID-19-Convalescent,N/A,N/A,N/A,,,,,,,,,,,,,,,,,,,,,,
ePD83,19931,naive_CD8,C19_cI,Healthy (No known exposure),29,F,Asian or Pacific Islander,A*02:01,A*02:01,B*13:01,B*44:03,C*03:04,C*07:06,DPA1*02:01,DPA1*02:01,DPB1*05:01,D PB1*13:01,DQA1*02:01,DQA1*06:01,DQB1*02:02,DQB1*03:01,DRB1*07:01,DRB1*12:02,DRB3*03:01,,,DRB4*01:03,,
ePD84,19931,naive_CD8,C19_cI,Healthy (No known exposure),29,F,Asian or Pacific Islander,A*02:01,A*02:01,B*13:01,B*44:03,C*03:04,C*07:06,DPA1*02:01,DPA1*02:01,DPB1*05:01,D PB1*13:01,DQA1*02:01,DQA1*06:01,DQB1*02:02,DQB1*03:01,DRB1*07:01,DRB1*12:02,DRB3*03:01,,,DRB4*01:03,,
ePD85,5869,naive_CD8,C19_cI,Healthy (No known exposure),27,F,N/A,A*02:01,A*29:01,B*07:05,B*18:01,C*07:04,C*15:05,DPA1*01:03,DPA1*02:01,DPB1*04:01,DPB1*13:01,DQA1*01:01,DQA1*01:05,DQB1*05:01,DQB1*05:01,DRB1*10:01,DRB1*15:02,,,,,DRB5*01:08N,
eXL30,19617,naive_CD8,C19_cI,Healthy (No known exposure),21,F,White,A*01:01,A*02:01,B*35:02,B*39:01,C*04:01,C*07:02,DPA1*01:03,DPA1*01:03,DPB1*02:01,D PB1*04:02,DQA1*04:01,DQA1*05:05,DQB1*03:01,DQB1*04:02,DRB1*08:01,DRB1*11:04,DRB3*02:02,,,,,
eXL31,20300,naive_CD8,C19_cI,Healthy (No known exposure),28,M,White,A*02:01,A*29:02,B*07:02,B*44:03,C*07:02,C*16:01,DPA1*01:03,DPA1*02:02,DPB1*01:01,DPB1*04:01,DQA1*01:02,DQA1*02:01,DQB1*02:02,DQB1*06:02,DRB1*07:01,DRB1*15:01,,,DRB4*01:01,,,DRB5*01:01
eAV91,19855,naive_CD8,C19_cI,Healthy (No known exposure),31,M,White,A*03:01,A*68:01,B*07:02,B*51:01,C*05:01,C*07:02,DPA1*01:03,DPA1*01:03,DPB1*02:01,DPB1*04:01,DQA1*01:02,DQA1*01:03,DQB1*05:01,DQB1*06:02,DRB1*13:01,DRB1*15:01,DRB3*01:01,,,,,DRB5*01:01
eEE228,19943,naive_CD8,C19_cI,Healthy (No known exposure),45,M,White,A*02:01,A*02:01,B*35:03,B*44:02,C*04:01,C*05:01,DPA1*01:03,DPA1*02:01,DPB1*04:01,DPB1*11:01,DQA1*01:02,DQA1*05:05,DQB1*03:01,DQB1*06:02,DRB1*11:01,DRB1*15:01,DRB3*02:02,,,,,DRB5*01:01
eHO131,3282,PBMC,C19_cI,COVID-19-Convalescent,N/A,N/A,N/A,,,,,,,,,,,,,,,,,,,,,,
eHO132,26,PBMC,C19_cI,COVID-19-Convalescent,N/A,N/A,N/A,,,,,,,,,,,,,,,,,,,,,,
eJL157,2870,PBMC,C19_cI,COVID-19-Convalescent,N/A,N/A,N/A,,,,,,,,,,,,,,,,,,,,,,
eJL158,466,PBMC,C19_cI,COVID-19-Acute,N/A,N/A,N/A,,,,,,,,,,,,,,,,,,,,,,
eOX46,19943,naive_CD8,C19_cI,Healthy (No known exposure),45,M,White,A*02:01,A*02:01,B*35:03,B*44:02,C*04:01,C*05:01,DPA1*01:03,DPA1*02:01,DPB1*04:01,DPB1*11:01,DQA1*01:02,DQA1*05:05,DQB1*03:01,DQB1*06:02,DRB1*11:01,DRB1*15:01,DRB3*02:02,,,,,DRB5*01:01
ePD86,92,PBMC,C19_cI,COVID-19-Convalescent,N/A,N/A,N/A,,,,,,,,,,,,,,,,,,,,,,
eXL32,4423,naive_CD8,C19_cI,Healthy (No known exposure),37,F,White,A*01:01,A*02:01,B*15:01,B*40:01,C*03:04,C*04:01,DPA1*01:03,DPA1*01:03,DPB1*02:01,DPB1*03:01,DQA1*01:02,DQA1*01:03,DQB1*06:03,DQB1*06:04,DRB1*13:01,DRB1*13:02,DRB3*02:02,DRB3*03:01,,,,
eXL36,4423,PBMC,C19_cI,Healthy (No known exposure),37,F,White,A*01:01,A*02:01,B*15:01,B*40:01,C*03:04,C*04:01,DPA1*01:03,DPA1*01:03,DPB1*02:01,DPB1*03:01,DQA1*01:02,DQA1*01:03,DQB1*06:03,DQB1*06:04,DRB1*13:01,DRB1*13:02,DRB3*02:02,DRB3*03:01,,,,
eGK111,4445,PBMC,C19_cI,COVID-19-Convalescent,50,F,N/A,,,,,,,,,,,,,,,,,,,,,,
eQD117,1979,PBMC,C19_cI,COVID-19-Convalescent,70,F,N/A,,,,,,,,,,,,,,,,,,,,,,
eQD118,2742,PBMC,C19_cI,COVID-19-Convalescent,67,F,N/A,,,,,,,,,,,,,,,,,,,,,,
eQD121,3646,PBMC,C19_cI,COVID-19-Convalescent,38,M,N/A,,,,,,,,,,,,,,,,,,,,,,
eAV93,20655,naive_CD8,C19_cI,Healthy (No known exposure),41,M,White,A*11:01,A*68:01,B*35:01,B*35:03,C*03:03,C*04:01,DPA1*01:03,DPA1*02:02,DPB1*03:01,DPB1*04:01,DQA1*03:01,DQA1*03:03,DQB1*03:02,DQB1*04:02,DRB1*04:03,DRB1*04:10,,,DRB4*01:03,DRB4*01:03,,
eHO133,1005699,PBMC,C19_cI,Healthy (No known exposure),N/A,N/A,N/A,,,,,,,,,,,,,,,,,,,,,,
eHO134,178,PBMC,C19_cI,COVID-19-Convalescent,N/A,N/A,N/A,,,,,,,,,,,,,,,,,,,,,,
eJL160,1005700,PBMC,C19_cI,COVID-19-Acute,N/A,N/A,N/A,,,,,,,,,,,,,,,,,,,,,,
eJL161,1005703,PBMC,C19_cI,COVID-19-Convalescent,N/A,N/A,N/A,,,,,,,,,,,,,,,,,,,,,,
